Id,Label,timeset
luciash,,
[NEW],,
xorti,,
[FIX],,
jonnybradley,,
[UPD],,
[REF],,
Fabio,,
[ENH],,
[MOD],,
amnabilal,,
lindonb,,
[UI],,
robertokir,,
[REL],,
pom2ter,,
nelsonko,,
Polyna-Maude,,
yonixxx,,
lyabs243,,
[ADD],,
kafindo,,
rjsmelo,,
Victor,,
Jyhem,,
chibaguy,,
benitaNK,,
xavidp,,
kerzay,,
kroky6,,
drsassafras,,
Benoit,,
kishiko,,
Loic,,
bnk18,,
[KIL],,
[SVN],,
Philippe,,
Guus,,
manasoft404,,
samymwamba,,
[New],,
montefuscolo,,
Serge,,
Kishiko,,
ricks99,,
lfagundes,,
Luis,,
Roberto,,
fmg-sf,,
chealer,,
[SEC],,
amette,,
arildb,,
nkoth,,
patrick-proulx,,
marclaporte,,
gezzzan,,
icc0rz,,
eromneg,,
pjollans,,
fvtorres,,
michelf,,
smartingarcia,,
molnarl,,
uxeric,,
[CSS],,
giograf,,
muscote,,
ohertel,,
aholmes99,,
derceto125,,
ameoba32,,
sampaioprimo,,
mathchartier,,
minger0,,
estheban,,
markitosaad,,
funkju,,
manivannans,,
anbumania,,
walper,,
RobertPlummer,,
alexandrequessy,,
lphuberdeau,,
skinut,,
redflo,,
paulgv,,
lrrcenter,,
jshauk,,
jp_eagle,,
mickchamp,,
dabright,,
tomjrvs,,
changi67,,
sept_7,,
ppttrr,,
alain_desilets,,
jobicarter,,
omstefanov,,
sylvieg,,
trosen,,
citadelrock,,
pascalstjean,,
leagris,,
syracine,,
sipherdee,,
nikhar,,
mroussel,,
kstingel,,
rischconsulting,,
gaxweb,,
arion92fr,,
pkdille,,
nikejam,,
[Rel],,
kwem,,
mjeanson3,,
johndparker,,
grundsch,,
gta74,,
xen216,,
Gregmartin,,
jean-lucnavarro,,
oeversetten,,
mlustenberg,,
garypp,,
cdrwhite,,
campbe13,,
ripero,,
daevermann,,
nyloth,,
cyberdrek,,
trebly,,
killianebel,,
sacados1,,
sdoh,,
niclone,,
jacmoe2,,
bubi,,
frank_p,,
eoyslebo,,
m_stef,,
zchermit,,
nagendra016,,
dexl_2000,,
bergmann,,
axold,,
mangapower,,
robferguson,,
obnoxxx,,
[new],,
kerrnel22,,
duebel,,
rlopezs,,
Kissaki,,
aproulx,,
marc-etienne,,
wggley,,
sacra,,
mrjc,,
awolfff,,
matwho,,
conner_bw,,
fantoms,,
c_schmitz,,
sewilco,,
slordjette,,
